{"elec_price":{"0":21.74},"total_emissions":{"0":2.749023},"total_power_gen":{"0":6655.5491235155}}