{"elec_price":{"0":11.85},"total_emissions":{"0":55.24543},"total_power_gen":{"0":146745.382733794}}