{"elec_price":{"0":9.3},"total_emissions":{"0":30.223829},"total_power_gen":{"0":68038.1039571544}}