{"elec_price":{"0":12.22},"total_emissions":{"0":44.27547},"total_power_gen":{"0":114613.5443899755}}