{"elec_price":{"0":18.32},"total_emissions":{"0":36.571928},"total_power_gen":{"0":201078.5685231454}}