{"elec_price":{"0":11.89},"total_emissions":{"0":35.25268},"total_power_gen":{"0":56470.3231921219}}