{"elec_price":{"0":21.56},"total_emissions":{"0":6.986378},"total_power_gen":{"0":39122.8378195913}}