{"elec_price":{"0":12.24},"total_emissions":{"0":3.584555},"total_power_gen":{"0":6025.1901822031}}