{"elec_price":{"0":11.99},"total_emissions":{"0":105.90397},"total_power_gen":{"0":247116.4665263744}}