{"elec_price":{"0":10.7},"total_emissions":{"0":57.477325},"total_power_gen":{"0":131368.7348054167}}