{"elec_price":{"0":32.09},"total_emissions":{"0":6.577085},"total_power_gen":{"0":10053.4463029015}}