{"elec_price":{"0":11.43},"total_emissions":{"0":24.705687},"total_power_gen":{"0":64102.1093352626}}