{"elec_price":{"0":9.83},"total_emissions":{"0":1.253994},"total_power_gen":{"0":17364.0943533001}}