{"elec_price":{"0":12.22},"total_emissions":{"0":66.402957},"total_power_gen":{"0":189661.4852224487}}