{"elec_price":{"0":11.87},"total_emissions":{"0":83.65245},"total_power_gen":{"0":112266.0902255415}}