{"elec_price":{"0":10.29},"total_emissions":{"0":24.838825},"total_power_gen":{"0":53158.5586248121}}