{"elec_price":{"0":10.21},"total_emissions":{"0":72.600556},"total_power_gen":{"0":79760.0862039827}}