{"elec_price":{"0":8.84},"total_emissions":{"0":36.142148},"total_power_gen":{"0":102399.227437175}}