{"elec_price":{"0":22.57},"total_emissions":{"0":10.715067},"total_power_gen":{"0":28670.4002029939}}