{"elec_price":{"0":13.08},"total_emissions":{"0":17.151985},"total_power_gen":{"0":43280.3706099621}}