{"elec_price":{"0":16.49},"total_emissions":{"0":1.493373},"total_power_gen":{"0":11354.5350256995}}