{"elec_price":{"0":15.0},"total_emissions":{"0":55.099293},"total_power_gen":{"0":116574.4464704264}}