{"elec_price":{"0":12.75},"total_emissions":{"0":26.459586},"total_power_gen":{"0":63267.0731422731}}