{"elec_price":{"0":9.28},"total_emissions":{"0":61.722576},"total_power_gen":{"0":83500.565587439}}