{"elec_price":{"0":10.96},"total_emissions":{"0":25.908346},"total_power_gen":{"0":63401.9236165638}}