{"elec_price":{"0":10.82},"total_emissions":{"0":15.949142},"total_power_gen":{"0":27285.4707984502}}