{"elec_price":{"0":10.99},"total_emissions":{"0":50.754811},"total_power_gen":{"0":134497.6657074282}}