{"elec_price":{"0":9.16},"total_emissions":{"0":28.894358},"total_power_gen":{"0":41995.4772267565}}