{"elec_price":{"0":9.59},"total_emissions":{"0":21.152966},"total_power_gen":{"0":37049.2573942399}}