{"elec_price":{"0":19.91},"total_emissions":{"0":2.36788},"total_power_gen":{"0":17933.656010153}}