{"elec_price":{"0":15.72},"total_emissions":{"0":19.660066},"total_power_gen":{"0":76011.0071170776}}