{"elec_price":{"0":12.21},"total_emissions":{"0":23.013476},"total_power_gen":{"0":33560.1922621374}}