{"elec_price":{"0":11.79},"total_emissions":{"0":13.899077},"total_power_gen":{"0":40909.7249737868}}