{"elec_price":{"0":17.29},"total_emissions":{"0":27.740142},"total_power_gen":{"0":135663.9156036974}}