{"elec_price":{"0":11.98},"total_emissions":{"0":80.595428},"total_power_gen":{"0":124891.5875030343}}