{"elec_price":{"0":8.8},"total_emissions":{"0":35.337127},"total_power_gen":{"0":87380.8070995595}}