{"elec_price":{"0":10.61},"total_emissions":{"0":7.767057},"total_power_gen":{"0":64083.9893631353}}