{"elec_price":{"0":12.54},"total_emissions":{"0":82.057473},"total_power_gen":{"0":219119.0607469516}}