{"elec_price":{"0":22.67},"total_emissions":{"0":2.574955},"total_power_gen":{"0":7431.0712270289}}