{"elec_price":{"0":11.89},"total_emissions":{"0":27.518031},"total_power_gen":{"0":100728.249751105}}