{"elec_price":{"0":10.57},"total_emissions":{"0":2.611563},"total_power_gen":{"0":11130.0082352164}}