{"elec_price":{"0":10.78},"total_emissions":{"0":35.876167},"total_power_gen":{"0":81352.4787080638}}