{"elec_price":{"0":11.51},"total_emissions":{"0":207.540789},"total_power_gen":{"0":480536.6553288182}}