{"elec_price":{"0":12.47},"total_emissions":{"0":1796.47268},"total_power_gen":{"0":4216242.1468495233}}