{"elec_price":{"0":10.01},"total_emissions":{"0":27.457799},"total_power_gen":{"0":40910.7229365458}}