{"elec_price":{"0":11.4},"total_emissions":{"0":33.588461},"total_power_gen":{"0":96041.781242834}}