{"elec_price":{"0":16.73},"total_emissions":{"0":0.004088},"total_power_gen":{"0":2320.208401741}}