{"elec_price":{"0":9.31},"total_emissions":{"0":9.532169},"total_power_gen":{"0":115001.3809118359}}